voltage,current,temperature,soc,filteredCurrent,powerExport,soh,anomaly
410.10,20.37,29.90,76.18,18.54,7602.40,0.01,0
410.10,21.10,29.90,78.05,19.82,8129.70,0.01,0
410.07,21.49,29.91,78.70,20.45,8385.47,0.01,0
410.05,21.10,29.98,79.02,20.66,8471.86,0.01,0
409.94,20.78,29.95,79.22,20.70,8483.92,0.02,0
410.02,20.87,30.07,79.36,20.74,8505.61,0.02,0
410.03,21.69,30.10,79.45,21.01,8613.13,0.03,0
410.02,21.60,30.09,79.52,21.17,8679.37,0.03,0
410.18,22.64,30.10,79.58,21.57,8846.90,0.03,0
410.14,22.50,30.16,79.62,21.82,8949.42,0.04,0
410.21,22.46,30.18,79.65,21.99,9021.71,0.04,0
410.16,22.21,30.14,79.68,22.05,9045.05,0.05,0
410.07,22.44,30.22,79.70,22.16,9086.35,0.05,0
410.09,22.58,30.18,79.71,22.27,9133.75,0.06,0
410.30,21.91,30.24,79.72,22.17,9097.86,0.07,0
410.14,23.03,30.25,79.73,22.41,9189.68,0.07,0
409.97,23.30,30.16,79.73,22.65,9285.19,0.08,0
410.01,23.81,30.19,79.73,22.96,9415.00,0.08,0
410.13,23.61,30.30,79.73,23.14,9489.52,0.09,0
410.45,23.09,30.34,79.73,23.13,9491.95,0.10,0
410.40,22.79,30.36,79.73,23.04,9453.87,0.10,0
410.40,22.30,30.38,79.72,22.84,9372.68,0.11,0
410.32,22.06,30.31,79.72,22.63,9285.02,0.11,0
410.30,21.90,30.29,79.71,22.43,9204.29,0.12,0
410.42,21.97,30.24,79.70,22.31,9155.73,0.13,0
410.39,22.28,30.23,79.69,22.30,9151.88,0.13,0
410.25,20.86,30.26,79.69,21.91,8988.97,0.14,0
410.32,21.15,30.27,79.68,21.71,8906.39,0.14,0
410.30,21.89,30.23,79.66,21.76,8926.21,0.15,0
410.32,21.63,30.22,79.65,21.72,8912.85,0.16,0
410.33,22.63,30.22,79.64,21.97,9014.05,0.16,0
410.22,23.61,30.22,79.63,22.41,9193.64,0.17,0
410.07,23.72,30.28,79.62,22.76,9335.09,0.18,0
409.87,23.69,30.33,79.61,23.01,9432.50,0.18,0
409.77,23.02,30.42,79.59,23.02,9431.11,0.19,0
409.75,23.27,30.41,79.58,23.08,9458.51,0.19,0
409.59,23.90,30.41,79.57,23.30,9544.87,0.20,0
409.63,23.53,30.42,79.56,23.36,9570.87,0.21,0
409.51,23.30,30.51,79.54,23.35,9561.04,0.21,0
409.48,22.99,30.49,79.53,23.25,9520.69,0.22,0
409.67,22.92,30.46,79.52,23.16,9488.51,0.23,0
409.68,22.58,30.45,79.50,23.00,9424.41,0.23,0
409.66,22.42,30.44,79.49,22.85,9359.70,0.24,0
409.74,22.28,30.43,79.48,22.69,9298.28,0.25,0
409.71,22.98,30.36,79.46,22.77,9329.10,0.25,0
409.82,23.50,30.35,79.45,22.97,9413.02,0.26,0
409.93,23.45,30.39,79.44,23.10,9468.92,0.26,0
409.89,23.14,30.38,79.42,23.11,9472.32,0.27,0
409.82,24.07,30.45,79.41,23.37,9576.56,0.28,0
409.94,24.08,30.48,79.40,23.56,9657.80,0.28,0
409.83,24.28,48.00,79.38,23.75,9734.90,0.29,1
409.62,25.38,48.03,79.37,24.19,9909.50,0.30,1
409.52,25.65,47.93,79.36,24.59,10068.48,0.30,1
409.45,24.30,47.94,79.34,24.51,10035.50,0.31,1
409.48,24.12,47.99,79.33,24.40,9992.81,0.32,1
409.65,24.65,48.06,79.32,24.47,10024.58,0.32,1
409.69,24.35,48.12,79.30,24.44,10011.89,0.33,1
409.67,24.79,48.07,79.29,24.53,10050.38,0.34,1
409.73,25.17,48.03,79.28,24.70,10122.20,0.34,1
409.64,25.58,48.07,79.26,24.94,10216.23,0.35,1
409.57,25.72,48.05,79.25,25.15,10300.53,0.36,1
409.85,25.09,48.00,79.24,25.13,10301.28,0.36,1
409.84,25.21,47.94,79.23,25.15,10309.49,0.37,1
409.83,25.50,47.94,79.21,25.25,10347.88,0.38,1
409.99,25.69,48.02,79.20,25.37,10400.59,0.38,1
409.86,26.45,48.10,79.19,25.66,10517.27,0.39,1
410.00,26.70,48.12,79.17,25.94,10635.84,0.40,1
409.96,28.35,48.12,79.16,26.59,10902.17,0.41,1
410.03,27.46,48.19,79.15,26.83,11000.22,0.41,1
410.01,26.80,48.28,79.13,26.82,10996.74,0.42,1
410.09,26.64,48.27,79.12,26.77,10978.97,0.43,1
410.06,27.33,48.21,79.11,26.92,11040.25,0.43,1
410.16,28.06,48.23,79.10,27.23,11168.43,0.44,1
410.12,28.19,48.23,79.08,27.49,11273.88,0.45,1
410.08,28.84,48.24,79.07,27.85,11422.44,0.46,1
410.10,28.75,48.23,79.06,28.10,11522.30,0.46,1
410.12,29.28,48.15,79.05,28.42,11653.82,0.47,1
410.13,29.95,48.18,79.03,28.83,11823.78,0.48,1
410.10,29.95,48.12,79.02,29.13,11947.40,0.49,1
410.15,29.94,48.16,79.01,29.35,12038.60,0.50,1
409.83,29.59,48.18,79.00,29.42,12055.63,0.50,1
409.75,29.45,48.16,78.98,29.43,12057.36,0.51,1
409.94,29.79,48.16,78.97,29.52,12102.97,0.52,1
409.99,29.68,48.07,78.96,29.57,12121.53,0.53,1
409.94,29.69,48.15,78.95,29.60,12133.60,0.54,1
409.88,30.70,48.17,78.94,29.90,12253.44,0.54,1
409.87,30.11,48.13,78.92,29.95,12277.26,0.55,1
409.87,29.94,48.15,78.91,29.95,12275.34,0.56,1
409.79,30.28,48.17,78.90,30.04,12309.36,0.57,1
409.85,29.91,48.08,78.89,30.00,12296.71,0.58,1
409.94,30.13,48.18,78.88,30.04,12314.18,0.58,1
410.00,30.65,48.24,78.86,30.20,12383.28,0.59,1
410.12,30.25,48.17,78.85,30.22,12391.83,0.60,1
410.13,30.15,48.10,78.84,30.20,12385.26,0.61,1
410.14,30.79,48.09,78.83,30.36,12450.65,0.62,1
410.19,30.25,48.06,78.82,30.33,12440.72,0.63,1
410.06,30.18,48.04,78.81,30.29,12420.35,0.63,1
410.04,30.00,48.13,78.79,30.21,12387.60,0.64,1
410.09,30.08,48.17,78.78,30.17,12374.25,0.65,1
409.98,30.39,48.11,78.77,30.23,12395.07,0.66,1
370.00,29.99,48.09,78.76,30.17,11162.01,0.67,1
369.97,29.70,48.06,78.75,30.04,11114.35,0.68,1
369.95,29.06,48.06,78.74,29.78,11015.86,0.68,1
370.16,28.79,48.05,78.72,29.51,10922.97,0.69,1
370.15,28.39,48.08,78.71,29.21,10810.23,0.70,1
370.21,29.16,48.00,78.70,29.19,10807.82,0.71,1
370.13,30.34,48.06,78.69,29.50,10919.94,0.72,1
369.98,30.36,47.99,78.68,29.74,11001.60,0.73,1
370.00,30.29,47.99,78.66,29.89,11058.00,0.73,1
369.93,30.01,48.06,78.65,29.92,11068.35,0.74,1
369.98,29.44,47.97,78.64,29.79,11021.32,0.75,1
369.94,29.03,48.03,78.63,29.58,10944.35,0.76,1
370.15,29.05,48.00,78.62,29.44,10896.73,0.77,1
370.10,28.66,48.08,78.61,29.23,10817.49,0.78,1
370.30,28.58,48.04,78.59,29.05,10757.98,0.78,1
370.19,28.64,48.05,78.58,28.94,10713.62,0.79,1
370.33,28.47,48.09,78.57,28.81,10670.64,0.80,1
370.16,29.40,48.15,78.56,28.97,10724.72,0.81,1
370.28,29.44,48.18,78.55,29.10,10775.08,0.82,1
370.36,29.68,48.19,78.54,29.26,10835.79,0.82,1
370.33,29.32,48.24,78.52,29.28,10841.60,0.83,1
370.47,28.74,48.15,78.51,29.13,10792.15,0.84,1
370.41,28.84,48.13,78.50,29.05,10760.88,0.85,1
370.50,28.51,48.07,78.49,28.90,10708.99,0.86,1
370.56,28.67,48.20,78.48,28.84,10687.08,0.87,1
370.61,28.01,48.11,78.46,28.61,10604.91,0.87,1
370.75,27.37,48.09,78.45,28.28,10484.38,0.88,1
370.84,27.44,48.10,78.44,28.05,10402.41,0.89,1
371.04,27.16,48.16,78.43,27.81,10319.21,0.90,1
371.02,27.04,48.11,78.42,27.60,10241.03,0.90,1
371.06,28.24,48.08,78.40,27.77,10305.91,0.91,1
371.12,28.35,48.15,78.39,27.93,10365.89,0.92,1
371.15,28.27,48.21,78.38,28.02,10400.21,0.93,1
371.14,28.37,48.25,78.37,28.11,10434.43,0.94,1
371.28,28.27,48.22,78.36,28.16,10454.07,0.94,1
371.18,28.55,48.22,78.34,28.26,10491.05,0.95,1
371.08,28.64,48.18,78.33,28.37,10526.00,0.96,1
371.19,29.05,48.14,78.32,28.55,10597.33,0.97,1
371.34,29.35,48.12,78.31,28.77,10682.29,0.98,1
371.34,29.43,48.18,78.29,28.95,10749.17,0.98,1
371.48,29.61,48.19,78.28,29.13,10820.10,0.99,1
371.54,29.68,48.22,78.27,29.28,10877.76,1.00,1
371.42,29.70,48.16,78.26,29.39,10916.35,1.01,1
371.38,29.28,48.09,78.25,29.36,10903.65,1.02,1
371.29,28.61,48.01,78.23,29.16,10825.72,1.02,1
371.47,26.98,47.99,78.22,28.57,10612.75,1.03,1
371.57,26.77,48.01,78.21,28.08,10434.74,1.04,1
371.49,26.90,47.92,78.20,27.76,10314.14,1.05,1
371.25,27.46,47.93,78.19,27.68,10276.99,1.06,1
371.33,27.15,47.97,78.17,27.54,10226.17,1.06,1
371.11,27.85,47.99,69.99,27.62,10251.56,1.07,1
371.04,28.35,48.01,62.89,27.82,10322.30,1.08,1
371.10,27.71,47.89,56.72,27.79,10313.29,1.09,1
371.06,29.03,47.91,51.36,28.13,10436.66,1.09,1
371.09,28.67,47.88,46.71,28.27,10491.67,1.10,1
371.16,28.30,47.81,42.67,28.28,10496.02,1.11,1
371.10,28.64,47.77,39.16,28.38,10530.53,1.12,1
371.07,28.89,47.77,36.11,28.52,10581.56,1.13,1
371.08,29.08,47.73,33.46,28.67,10638.38,1.13,1
371.04,28.79,47.68,31.16,28.70,10649.40,1.14,1
410.00,27.57,30.00,37.75,28.40,11642.15,1.15,0
410.01,25.92,29.99,43.47,27.73,11367.77,1.16,0
409.94,25.48,29.94,48.44,27.12,11117.31,1.16,0
410.03,25.05,29.92,52.75,26.56,10890.84,1.17,0
410.07,24.60,29.89,56.49,26.03,10674.60,1.18,0
410.31,24.44,29.92,59.73,25.60,10504.82,1.19,0
410.46,25.22,29.95,62.55,25.50,10466.16,1.19,0
410.54,26.13,30.00,64.99,25.67,10538.79,1.20,0
410.57,26.28,30.02,67.11,25.83,10606.90,1.21,0
410.49,26.61,30.03,68.95,26.04,10690.55,1.22,0
410.56,26.82,30.14,70.55,26.25,10778.80,1.22,0
410.65,26.21,30.11,71.93,26.24,10775.94,1.23,0
410.51,25.98,30.19,73.13,26.17,10743.09,1.24,0
410.41,25.90,30.19,74.17,26.10,10710.76,1.25,0
410.40,25.60,30.23,75.07,25.96,10655.22,1.25,0
410.52,24.84,30.25,75.85,25.66,10534.09,1.26,0
410.45,25.10,30.19,76.52,25.51,10469.80,1.27,0
410.41,24.75,30.15,77.11,25.30,10384.66,1.28,0
410.49,25.00,30.17,77.62,25.22,10352.55,1.28,0
410.39,24.60,30.26,78.05,25.05,10281.30,1.29,0
410.30,24.56,30.31,78.43,24.92,10224.24,1.30,0
410.33,23.97,30.33,78.76,24.66,10120.29,1.30,0
410.47,24.07,30.22,79.04,24.50,10057.78,1.31,0
410.57,23.95,30.23,79.28,24.35,9998.35,1.32,0
410.81,24.42,30.24,79.49,24.37,10011.68,1.32,0
410.88,23.78,30.25,79.67,24.21,9947.53,1.33,0
410.83,22.84,30.27,79.83,23.84,9793.85,1.34,0
410.88,22.79,30.27,79.96,23.56,9679.06,1.34,0
411.01,22.49,30.32,80.07,23.27,9563.39,1.35,0
410.98,24.00,30.32,80.17,23.46,9643.55,1.36,0
410.90,24.32,30.30,80.25,23.70,9736.45,1.36,0
410.76,23.62,30.26,80.32,23.68,9725.24,1.37,0
410.78,23.97,30.25,80.38,23.76,9758.67,1.38,0
410.82,23.53,30.27,80.43,23.70,9735.03,1.38,0
410.74,23.65,30.31,80.47,23.68,9728.23,1.39,0
410.70,22.98,30.41,80.50,23.49,9648.65,1.40,0
410.52,22.53,30.51,80.53,23.23,9536.98,1.40,0
410.47,22.04,30.45,80.55,22.91,9403.55,1.41,0
410.36,22.56,30.48,80.57,22.82,9362.33,1.42,0
410.35,22.45,30.46,80.58,22.72,9321.32,1.42,0
410.54,21.94,30.50,80.59,22.51,9239.67,1.43,0
410.56,21.61,30.57,80.60,22.26,9140.46,1.44,0
410.63,21.29,30.57,80.60,22.00,9034.33,1.44,0
410.66,21.71,30.61,80.60,21.92,9002.78,1.45,0
410.64,21.11,30.67,80.60,21.70,8911.72,1.46,0
410.70,21.40,30.67,80.60,21.62,8879.40,1.46,0
410.79,22.00,30.74,80.60,21.72,8923.66,1.47,0
410.73,22.59,30.83,80.59,21.96,9018.71,1.47,0
410.79,22.80,30.84,80.59,22.19,9113.97,1.48,0
410.71,22.60,30.83,80.58,22.30,9157.94,1.49,0
410.56,22.91,30.80,80.57,22.46,9222.27,1.49,0
410.61,22.95,30.82,80.56,22.59,9277.69,1.50,0
410.66,23.30,30.82,80.55,22.78,9356.47,1.50,0
410.57,23.25,30.81,80.54,22.91,9405.92,1.51,0
410.51,23.82,30.81,80.53,23.16,9506.12,1.52,0
410.53,24.88,30.65,80.52,23.62,9697.82,1.52,0
410.71,24.06,30.71,80.51,23.74,9750.47,1.53,0
410.55,25.32,30.69,80.50,24.17,9922.02,1.54,0
410.56,25.59,30.69,80.49,24.55,10079.74,1.54,0
410.73,25.90,30.67,80.47,24.92,10233.72,1.55,0
410.86,25.70,30.64,80.46,25.13,10324.49,1.56,0
410.78,25.58,30.68,80.45,25.25,10371.95,1.56,0
410.65,25.20,30.76,80.44,25.24,10363.09,1.57,0
410.52,24.92,30.85,80.43,25.15,10325.11,1.58,0
410.60,24.79,30.95,80.41,25.05,10286.68,1.58,0
410.65,25.12,30.92,80.40,25.07,10295.71,1.59,0
410.62,25.08,30.91,80.39,25.08,10296.51,1.60,0
410.50,24.42,30.90,80.38,24.90,10221.19,1.60,0
410.61,25.84,30.91,80.36,25.15,10328.81,1.61,0
410.49,26.54,30.96,80.35,25.53,10479.47,1.62,0
410.40,26.67,30.94,80.34,25.84,10604.08,1.63,0
410.19,26.63,30.85,80.32,26.05,10686.25,1.63,0
410.26,26.20,30.87,80.31,26.09,10703.99,1.64,0
410.18,25.88,30.88,80.30,26.03,10678.89,1.65,0
410.20,25.90,30.92,80.29,26.00,10664.95,1.65,0
410.03,25.73,30.92,80.27,25.93,10630.76,1.66,0
410.01,25.74,30.97,80.26,25.88,10609.25,1.67,0
410.06,25.37,30.96,80.25,25.74,10554.78,1.67,0
410.08,25.28,30.98,80.24,25.61,10503.93,1.68,0
410.26,25.97,30.97,80.22,25.71,10547.88,1.69,0
410.39,26.19,30.97,80.21,25.84,10604.77,1.70,0
410.30,25.85,30.98,80.20,25.84,10604.11,1.70,0
410.19,25.66,31.03,80.18,25.79,10580.24,1.71,0
410.23,26.14,30.99,80.17,25.89,10619.98,1.72,0
410.22,26.31,31.02,80.16,26.00,10666.03,1.73,0
410.29,26.47,31.02,80.15,26.13,10719.70,1.73,0
410.26,27.30,30.99,80.13,26.44,10848.35,1.74,0
410.44,27.79,30.92,80.12,26.81,11002.59,1.75,0
410.40,27.92,30.95,80.11,27.11,11125.43,1.75,0
410.57,29.10,31.04,80.09,27.65,11350.64,1.76,0
410.60,29.51,48.00,80.08,28.15,11558.04,1.77,1
410.57,29.68,47.96,80.07,28.56,11727.32,1.78,1
410.36,30.02,47.95,80.06,28.96,11882.71,1.78,1
410.29,30.69,47.96,80.04,29.42,12072.71,1.79,1
410.32,30.64,48.04,80.03,29.75,12208.79,1.80,1
410.15,31.36,48.00,80.02,30.19,12381.16,1.81,1
410.06,32.14,47.97,80.01,30.72,12594.95,1.82,1
410.14,33.07,47.97,80.00,31.35,12858.39,1.82,1
410.03,33.45,48.03,79.98,31.92,13087.15,1.83,1
409.76,33.40,47.99,79.97,32.32,13242.67,1.84,1
409.81,32.83,47.96,79.96,32.46,13301.02,1.85,1
409.83,32.43,48.02,79.95,32.45,13299.32,1.86,1
410.09,33.40,48.01,79.94,32.71,13412.53,1.87,1
410.10,33.35,47.99,79.93,32.88,13484.38,1.88,1
410.02,32.44,47.94,79.91,32.76,13432.46,1.88,1
410.18,32.00,47.88,79.90,32.56,13353.55,1.89,1
410.25,32.58,47.86,79.89,32.56,13358.87,1.90,1
410.11,32.61,47.91,79.88,32.58,13359.81,1.91,1
410.02,32.12,47.97,79.87,32.45,13306.85,1.92,1
409.93,32.38,47.95,79.86,32.43,13295.54,1.93,1
409.97,32.41,47.98,79.85,32.43,13294.10,1.94,1
409.91,32.73,47.98,79.84,32.51,13325.78,1.95,1
409.95,33.25,47.97,79.83,32.71,13408.86,1.96,1
409.65,33.31,47.94,79.81,32.87,13466.16,1.97,1
409.58,32.03,47.86,79.80,32.65,13371.26,1.97,1
409.65,31.78,47.87,79.79,32.41,13277.41,1.98,1
409.50,31.56,47.91,79.78,32.18,13178.23,1.99,1
409.50,31.47,47.93,79.77,31.99,13099.03,2.00,1
409.36,31.41,47.96,79.76,31.83,13030.79,2.01,1
409.36,31.84,47.98,79.75,31.83,13031.63,2.02,1
409.32,32.41,48.03,79.74,31.99,13094.37,2.03,1
409.46,32.97,47.98,79.73,32.26,13207.28,2.04,1
409.56,32.58,47.95,79.71,32.34,13245.76,2.05,1
409.65,32.26,47.83,79.70,32.32,13239.97,2.06,1
409.65,32.07,47.78,79.69,32.25,13212.73,2.06,1
409.57,32.91,47.84,79.68,32.43,13282.70,2.07,1
409.52,33.14,47.78,79.67,32.62,13358.91,2.08,1
409.47,32.60,47.82,79.66,32.61,13354.60,2.09,1
409.54,33.47,47.80,79.65,32.85,13451.55,2.10,1
409.64,33.88,47.81,79.64,33.12,13569.16,2.11,1
409.58,34.09,47.82,79.63,33.38,13673.75,2.12,1
409.66,34.75,47.84,79.62,33.75,13827.21,2.13,1
409.68,35.29,47.94,79.60,34.17,13998.46,2.14,1
409.65,35.67,47.92,79.59,34.57,14163.53,2.15,1
409.79,36.26,47.94,79.58,35.03,14354.44,2.16,1
409.84,36.21,47.98,79.57,35.35,14486.86,2.16,1
409.78,36.62,47.96,79.56,35.69,14625.29,2.17,1
409.73,36.40,47.92,79.55,35.88,14701.91,2.18,1
409.66,35.79,47.88,79.54,35.86,14689.54,2.19,1
410.00,35.78,47.89,79.53,35.84,14693.49,2.20,1
370.00,35.54,47.99,79.52,35.76,13230.63,2.21,1
369.92,35.18,47.99,79.51,35.60,13170.05,2.22,1
369.98,35.26,48.01,79.50,35.51,13138.21,2.23,1
370.06,34.77,48.02,79.49,35.31,13066.71,2.24,1
369.94,34.21,48.08,79.48,35.01,12952.66,2.25,1
369.75,33.47,48.14,79.47,34.60,12792.03,2.26,1
369.70,33.80,48.11,79.46,34.38,12711.00,2.27,1
369.70,33.42,48.20,79.45,34.12,12614.39,2.28,1
369.82,33.68,48.17,79.44,34.00,12574.14,2.29,1
369.72,32.33,48.15,79.43,33.55,12403.80,2.30,1
369.78,32.70,48.16,79.42,33.32,12320.75,2.31,1
369.90,32.24,48.14,79.41,33.03,12217.24,2.32,1
369.86,32.58,48.13,79.40,32.91,12171.69,2.33,1
370.03,32.70,48.21,79.39,32.85,12155.73,2.34,1
369.94,32.53,48.23,79.37,32.76,12120.44,2.35,1
370.01,33.42,48.13,79.36,32.94,12188.58,2.36,1
370.02,33.22,48.14,79.35,33.02,12216.61,2.37,1
370.06,32.62,48.13,79.34,32.91,12178.02,2.38,1
370.08,31.13,48.12,79.33,32.43,12000.71,2.38,1
370.17,31.04,48.08,79.32,32.05,11864.28,2.39,1
370.14,30.55,48.18,79.31,31.65,11713.13,2.40,1
369.98,31.41,48.21,79.30,31.58,11684.72,2.41,1
369.97,31.56,48.27,79.29,31.58,11682.13,2.42,1
370.06,31.60,48.24,79.28,31.58,11687.74,2.43,1
370.07,31.67,48.22,79.27,31.61,11696.14,2.44,1
370.13,32.04,48.26,79.26,31.72,11741.24,2.45,1
370.08,31.91,48.24,79.24,31.77,11759.10,2.46,1
370.12,31.45,48.28,79.23,31.69,11727.63,2.47,1
370.09,31.74,48.32,79.22,31.70,11732.33,2.47,1
370.30,32.06,48.34,79.21,31.80,11774.73,2.48,1
370.32,31.93,48.33,79.20,31.83,11788.62,2.49,1
370.35,31.86,48.48,79.19,31.84,11792.78,2.50,1
370.30,31.15,48.50,79.18,31.66,11722.24,2.51,1
370.27,31.01,48.46,79.17,31.48,11656.84,2.52,1
370.31,30.73,48.56,79.16,31.28,11582.35,2.53,1
370.38,30.37,48.62,79.14,31.03,11493.33,2.54,1
370.39,30.58,48.61,79.13,30.91,11448.95,2.54,1
370.38,30.34,48.61,79.12,30.76,11391.76,2.55,1
370.46,30.10,48.56,79.11,30.58,11328.44,2.56,1
370.48,30.28,48.46,79.10,30.50,11298.90,2.57,1
370.60,30.52,48.57,79.09,30.50,11305.00,2.58,1
370.72,29.29,48.54,79.08,30.18,11187.10,2.59,1
370.58,29.58,48.54,79.07,30.01,11122.87,2.60,1
370.57,29.68,48.53,79.05,29.92,11089.19,2.60,1
370.51,29.64,48.41,79.04,29.85,11058.65,2.61,1
370.47,30.92,48.33,79.03,30.14,11165.19,2.62,1
370.45,30.35,48.28,79.02,30.20,11186.13,2.63,1
370.55,30.70,48.28,79.01,30.33,11239.62,2.64,1
370.59,31.86,48.21,79.00,30.75,11394.01,2.65,1
370.66,32.31,48.28,78.98,31.17,11553.15,2.66,1
370.65,32.27,48.30,70.91,31.47,11662.68,2.66,1
370.73,32.49,48.33,63.90,31.74,11768.00,2.67,1
370.90,32.61,48.42,57.80,31.98,11860.21,2.68,1
370.77,33.43,48.47,52.52,32.37,12001.43,2.69,1
370.86,33.11,48.49,47.92,32.57,12078.83,2.70,1
370.86,33.25,48.44,43.93,32.75,12147.24,2.71,1
370.74,34.11,48.42,40.47,33.12,12278.84,2.72,1
370.81,34.83,48.48,37.46,33.58,12452.33,2.73,1
370.65,34.86,48.50,34.84,33.93,12574.78,2.73,1
370.64,34.73,48.41,32.57,34.14,12655.07,2.74,1
410.00,35.00,30.00,39.19,34.37,14093.75,2.75,0
410.13,36.18,30.07,44.93,34.86,14298.18,2.76,0
410.13,35.85,30.02,49.92,35.13,14407.75,2.77,0
410.02,34.96,30.01,54.24,35.08,14384.41,2.78,0
409.97,34.90,30.02,58.00,35.03,14362.97,2.79,0
410.06,34.19,30.06,61.26,34.81,14272.51,2.80,0
410.19,34.72,30.05,64.09,34.78,14267.48,2.81,0
410.24,35.50,29.97,66.54,34.98,14348.94,2.82,0
410.22,34.79,29.99,68.67,34.93,14327.08,2.83,0
410.22,34.72,29.91,70.52,34.87,14304.42,2.84,0
410.26,35.25,29.94,72.12,34.97,14348.36,2.85,0
410.27,35.83,29.95,73.52,35.21,14443.95,2.86,0
410.30,35.30,29.98,74.72,35.23,14455.27,2.87,0
410.35,33.99,29.96,75.77,34.90,14319.84,2.88,0
410.19,33.56,29.98,76.67,34.54,14166.66,2.89,0
410.19,33.81,29.98,77.46,34.34,14086.25,2.90,0
410.32,34.16,30.01,78.14,34.29,14070.39,2.91,0
410.45,33.27,30.09,78.73,34.02,13962.08,2.92,0
410.39,32.38,30.02,79.24,33.57,13778.68,2.93,0
410.07,32.43,30.04,79.68,33.26,13640.36,2.93,0
410.02,32.53,29.95,80.06,33.07,13557.62,2.94,0
410.03,32.85,30.00,80.39,33.01,13534.25,2.95,0
410.05,32.61,29.93,80.68,32.90,13491.33,2.96,0
409.93,32.19,29.83,80.93,32.71,13408.26,2.97,0
409.90,31.99,29.87,81.14,32.51,13327.62,2.98,0
409.84,31.21,29.89,81.32,32.16,13180.89,2.99,0
409.87,30.38,29.83,81.48,31.68,12984.63,3.00,0
409.86,30.88,29.86,81.61,31.46,12895.61,3.01,0
409.88,29.78,29.86,81.73,31.01,12709.31,3.02,0
409.97,29.50,29.85,81.83,30.60,12544.62,3.03,0
410.11,29.14,29.80,81.91,30.20,12387.14,3.04,0
410.08,29.10,29.83,81.99,29.91,12263.92,3.04,0
410.13,28.77,29.74,82.05,29.60,12139.04,3.05,0
410.09,28.65,29.68,82.10,29.34,12032.87,3.06,0
409.98,28.54,29.63,82.14,29.12,11940.33,3.07,0
409.97,27.44,29.58,82.18,28.67,11753.29,3.08,0
410.10,27.58,29.60,82.21,28.38,11636.61,3.09,0
409.91,27.09,29.57,82.23,28.03,11489.05,3.09,0
410.12,26.70,29.54,82.25,27.67,11348.00,3.10,0
410.01,26.44,29.52,82.26,27.34,11208.84,3.11,0
409.92,27.37,29.50,82.27,27.35,11210.19,3.12,0
409.94,27.86,29.54,82.28,27.49,11267.39,3.13,0
409.97,27.58,29.54,82.29,27.51,11278.13,3.13,0
409.84,26.98,29.57,82.29,27.37,11215.84,3.14,0
409.82,26.61,29.53,82.29,27.16,11131.68,3.15,0
410.02,27.34,29.45,82.29,27.21,11156.28,3.16,0
409.92,27.72,29.58,82.29,27.35,11210.05,3.16,0
410.02,27.54,29.53,82.29,27.40,11233.75,3.17,0
410.02,27.51,29.57,82.28,27.43,11246.57,3.18,0
410.19,27.10,29.61,82.28,27.34,11214.40,3.19,0
410.20,27.49,29.58,82.27,27.38,11230.93,3.19,0
410.05,27.10,29.56,82.26,27.30,11195.78,3.20,0
410.18,26.41,29.55,82.25,27.06,11100.37,3.21,0
410.20,26.16,29.50,82.24,26.82,11000.73,3.22,0
410.31,26.09,29.52,82.24,26.62,10922.80,3.23,0
410.28,25.96,29.56,82.23,26.44,10848.87,3.23,0
410.29,25.79,29.64,82.22,26.27,10776.77,3.24,0
410.11,25.85,29.66,82.21,26.15,10725.87,3.25,0
410.06,26.56,29.63,82.20,26.26,10769.51,3.25,0
409.95,25.83,29.56,82.18,26.15,10718.38,3.26,0
409.95,25.66,29.53,82.17,26.02,10665.05,3.27,0
409.84,26.29,29.48,82.16,26.09,10692.66,3.28,0
409.91,26.06,29.44,82.15,26.08,10691.42,3.28,0
410.13,25.43,29.47,82.14,25.91,10624.61,3.29,0
410.34,26.19,29.43,82.13,25.98,10661.37,3.30,0
410.29,25.92,29.47,82.11,25.97,10653.47,3.31,0
410.25,25.91,29.45,82.10,25.95,10645.81,3.31,0
410.34,26.37,29.41,82.09,26.06,10694.49,3.32,0
410.36,26.28,29.44,82.08,26.12,10719.12,3.33,0
410.30,25.89,29.33,82.07,26.06,10691.40,3.34,0
410.28,25.38,29.35,82.05,25.87,10615.50,3.34,0
410.32,25.31,29.27,82.04,25.72,10554.19,3.35,0
410.35,25.91,29.35,82.03,25.77,10576.30,3.36,0
410.51,25.21,29.29,82.02,25.62,10517.79,3.36,0
410.33,24.99,29.26,82.00,25.45,10442.79,3.37,0
410.23,24.96,29.29,81.99,25.32,10385.91,3.38,0
410.14,24.92,29.26,81.98,25.21,10339.41,3.39,0
410.25,24.29,29.26,81.96,24.96,10239.81,3.39,0
410.46,23.58,29.36,81.95,24.59,10091.73,3.40,0
410.50,24.12,29.39,81.94,24.46,10041.26,3.41,0
410.39,23.51,29.41,81.93,24.20,9933.00,3.41,0
410.36,22.56,29.47,81.91,23.76,9749.72,3.42,0
410.36,22.75,29.42,81.90,23.49,9638.35,3.43,0
410.39,22.29,29.45,81.89,23.17,9506.85,3.43,0
410.27,22.55,29.42,81.87,23.00,9435.62,3.44,0
410.13,22.66,29.34,81.86,22.91,9394.57,3.45,0
410.17,22.05,29.46,81.85,22.68,9301.11,3.45,0
410.19,22.14,29.54,81.83,22.53,9242.72,3.46,0
410.10,21.42,29.56,81.82,22.23,9117.10,3.47,0
410.15,21.79,29.61,81.81,22.11,9069.30,3.47,0
410.06,22.48,48.00,81.79,22.21,9108.08,3.48,1
409.98,22.24,48.03,81.78,22.22,9109.43,3.49,1
409.91,20.97,47.94,81.77,21.88,8969.27,3.49,1
409.90,20.61,48.05,81.75,21.54,8828.66,3.50,1
409.96,20.34,48.11,81.74,21.21,8697.13,3.50,1
409.93,19.72,48.13,81.73,20.81,8531.32,3.51,1
410.11,19.84,48.12,81.71,20.55,8427.09,3.52,1
409.92,19.40,48.11,81.70,20.24,8296.40,3.52,1
409.86,19.42,48.14,81.68,20.02,8204.35,3.53,1
409.80,19.14,48.18,81.67,19.78,8105.83,3.53,1
409.82,19.72,48.12,81.66,19.76,8100.00,3.54,1
409.87,18.81,48.13,81.64,19.51,7995.42,3.55,1
409.75,19.60,48.18,81.63,19.53,8003.16,3.55,1
409.72,18.54,48.20,81.61,19.26,7892.41,3.56,1
409.63,18.54,48.12,81.60,19.07,7810.93,3.56,1
409.75,18.96,48.15,81.58,19.04,7801.65,3.57,1
409.87,18.75,48.11,81.57,18.96,7772.23,3.57,1
410.05,19.66,47.99,81.55,19.15,7852.80,3.58,1
409.98,19.86,47.99,81.54,19.34,7929.94,3.58,1
410.07,20.47,47.96,81.53,19.65,8056.72,3.59,1
410.03,19.76,47.92,81.51,19.68,8068.22,3.59,1
409.99,20.60,47.89,81.50,19.93,8169.46,3.60,1
410.07,20.21,47.90,81.48,20.00,8202.24,3.61,1
410.06,21.22,47.80,81.47,20.33,8336.92,3.61,1
409.91,21.29,47.82,81.45,20.59,8440.06,3.62,1
409.92,21.13,47.78,81.44,20.73,8499.52,3.62,1
410.04,20.93,47.68,81.42,20.79,8523.25,3.63,1
410.08,20.47,47.61,81.41,20.70,8488.77,3.63,1
410.11,20.37,47.50,81.40,20.61,8453.08,3.64,1
410.10,20.35,47.45,81.38,20.54,8424.33,3.64,1
410.18,20.88,47.45,81.37,20.63,8462.86,3.65,1
410.25,20.04,47.47,81.35,20.47,8398.36,3.66,1
410.31,20.16,47.43,81.34,20.39,8364.94,3.66,1
410.18,20.19,47.40,81.32,20.33,8340.58,3.67,1
410.34,20.81,47.51,81.31,20.46,8396.24,3.67,1
410.50,21.14,47.56,81.30,20.64,8474.35,3.68,1
410.52,21.98,47.58,81.28,21.01,8623.39,3.68,1
410.46,22.19,47.54,81.27,21.33,8753.58,3.69,1
410.47,21.49,47.62,81.25,21.37,8772.37,3.70,1
410.41,20.96,47.62,81.24,21.26,8725.28,3.70,1
410.44,21.29,47.58,81.22,21.27,8729.20,3.71,1
410.47,21.43,47.53,81.21,21.31,8748.27,3.71,1
410.28,22.35,47.64,81.20,21.59,8859.62,3.72,1
410.11,22.48,47.67,81.18,21.83,8954.48,3.73,1
410.04,21.86,47.67,81.17,21.84,8955.28,3.73,1
410.04,21.64,47.70,81.15,21.79,8933.01,3.74,1
410.04,21.73,47.79,81.14,21.77,8927.32,3.74,1
409.85,20.52,47.67,81.13,21.43,8784.29,3.75,1
409.85,20.61,47.63,81.11,21.21,8693.12,3.75,1
409.92,20.68,47.58,81.10,21.07,8636.48,3.76,1
370.00,20.53,47.52,81.08,20.92,7741.50,3.77,1
370.11,20.56,47.52,81.07,20.82,7707.00,3.77,1
370.05,20.46,47.46,81.06,20.73,7669.50,3.78,1
369.99,19.99,47.43,81.04,20.53,7594.71,3.78,1
370.05,19.94,47.43,81.03,20.37,7537.09,3.79,1
370.15,20.27,47.40,81.01,20.34,7529.92,3.80,1
370.18,19.81,47.39,81.00,20.20,7476.99,3.80,1
370.10,19.66,47.36,80.98,20.05,7421.22,3.81,1
370.22,20.13,47.36,80.97,20.07,7431.55,3.81,1
370.32,19.56,47.41,80.96,19.93,7382.02,3.82,1
370.35,20.17,47.36,80.94,20.00,7406.41,3.82,1
370.43,20.09,47.33,80.93,20.02,7417.23,3.83,1
370.26,21.10,47.37,80.91,20.32,7521.92,3.84,1
370.21,20.93,47.42,80.90,20.48,7582.23,3.84,1
370.17,20.29,47.42,80.88,20.43,7562.85,3.85,1
370.24,19.43,47.47,80.87,20.16,7464.14,3.85,1
370.35,19.01,47.57,80.86,19.85,7351.63,3.86,1
370.21,19.18,47.53,80.84,19.67,7281.54,3.86,1
370.25,19.04,47.57,80.83,19.50,7219.63,3.87,1
370.24,18.79,47.56,80.81,19.31,7148.54,3.87,1
370.34,18.07,47.55,80.80,18.97,7027.14,3.88,1
370.28,17.60,47.55,80.78,18.60,6888.22,3.89,1
370.35,17.04,47.50,80.77,18.18,6732.76,3.89,1
370.38,17.17,47.53,80.75,17.91,6632.47,3.90,1
370.44,17.99,47.52,80.74,17.93,6642.17,3.90,1
370.44,17.11,47.52,80.72,17.71,6559.77,3.91,1
370.37,16.87,47.47,80.71,17.48,6474.89,3.91,1
370.31,16.65,47.55,80.69,17.26,6390.47,3.92,1
370.18,15.84,47.58,80.68,16.88,6246.99,3.92,1
370.16,15.66,47.56,80.66,16.55,6125.38,3.93,1
370.20,16.31,47.59,80.65,16.48,6102.24,3.93,1
370.32,16.16,47.56,80.63,16.40,6071.80,3.94,1
370.57,16.31,47.60,80.62,16.37,6067.52,3.94,1
370.49,16.77,47.59,80.60,16.48,6105.80,3.95,1
370.58,17.13,47.63,80.59,16.65,6171.91,3.95,1
370.69,17.70,47.64,80.57,16.94,6278.82,3.95,1
370.92,17.60,47.65,80.56,17.12,6348.58,3.96,1
370.94,18.69,47.66,80.54,17.54,6506.34,3.96,1
370.97,18.43,47.70,80.53,17.78,6596.06,3.97,1
370.88,19.10,47.75,80.51,18.14,6726.69,3.97,1
370.94,18.85,47.74,80.50,18.33,6798.78,3.98,1
370.97,18.56,47.70,80.48,18.39,6822.39,3.98,1
371.00,18.86,47.70,80.47,18.52,6869.54,3.99,1
370.99,18.71,47.77,80.45,18.57,6889.02,3.99,1
370.89,19.12,47.71,80.44,18.72,6942.17,4.00,1
370.91,19.61,47.67,80.42,18.96,7031.98,4.00,1
370.98,19.83,47.67,80.41,19.19,7120.62,4.01,1
370.97,19.52,47.62,80.39,19.28,7152.58,4.01,1
371.05,20.00,47.65,80.38,19.48,7226.33,4.02,1
371.24,19.53,47.69,80.36,19.49,7235.79,4.02,1
371.15,19.23,47.68,72.28,19.42,7207.58,4.03,1
371.12,19.59,47.69,65.27,19.46,7223.65,4.04,1
371.07,19.55,47.62,59.17,19.49,7231.20,4.04,1
371.10,19.34,47.55,53.88,19.45,7217.06,4.05,1
371.05,19.02,47.57,49.28,19.33,7173.60,4.05,1
371.15,18.11,47.62,45.29,19.00,7053.20,4.06,1
370.98,18.30,47.69,41.82,18.81,6979.33,4.06,1
371.13,17.69,47.73,38.81,18.51,6869.17,4.07,1
371.17,18.06,47.70,36.19,18.39,6825.40,4.07,1
371.08,18.17,47.66,33.91,18.33,6802.26,4.08,1
410.00,18.16,30.00,40.53,18.28,7496.63,4.08,0
410.17,18.90,30.00,46.27,18.45,7568.39,4.09,0
410.10,17.91,29.97,51.25,18.31,7507.02,4.09,0
410.14,18.37,29.95,55.57,18.32,7514.70,4.10,0
410.15,17.91,29.90,59.32,18.21,7469.38,4.10,0
410.07,18.66,29.89,62.58,18.33,7516.98,4.11,0
410.14,19.22,29.93,65.40,18.57,7616.49,4.11,0
409.99,19.71,29.95,67.85,18.88,7740.32,4.12,0
410.06,20.36,30.07,69.98,19.28,7905.85,4.12,0
410.00,20.60,30.15,71.82,19.64,8050.59,4.13,0
409.95,20.21,30.14,73.42,19.79,8113.28,4.13,0
409.75,20.60,30.07,74.81,20.01,8198.32,4.14,0
409.76,20.61,30.03,76.01,20.17,8265.59,4.15,0
409.75,20.69,30.07,77.05,20.31,8322.72,4.15,0
409.76,19.69,30.06,77.95,20.14,8253.83,4.16,0
409.88,19.30,30.01,78.74,19.92,8163.32,4.16,0
409.79,19.64,30.02,79.41,19.84,8130.80,4.17,0
409.76,18.93,29.96,80.00,19.59,8028.89,4.17,0
409.76,19.29,29.88,80.50,19.51,7995.78,4.18,0
409.81,19.66,29.92,80.94,19.55,8013.23,4.18,0
409.77,20.02,29.95,81.32,19.68,8064.15,4.19,0
409.73,20.14,29.88,81.65,19.80,8114.23,4.19,0
409.75,19.43,29.86,81.93,19.70,8072.70,4.20,0
409.53,20.01,29.84,82.17,19.78,8102.17,4.21,0
409.66,19.10,29.81,82.38,19.60,8029.09,4.21,0
409.50,19.60,29.77,82.56,19.60,8025.88,4.22,0
409.47,19.94,29.80,82.71,19.69,8063.38,4.22,0
409.47,19.51,29.73,82.84,19.64,8043.29,4.23,0
409.54,19.56,29.74,82.96,19.62,8035.41,4.23,0
409.55,18.95,29.72,83.05,19.44,7961.10,4.24,0
409.67,17.64,29.61,83.13,18.95,7763.91,4.24,0
409.89,18.08,29.46,83.20,18.72,7671.04,4.25,0
409.98,18.64,29.47,83.26,18.70,7664.98,4.25,0
409.96,18.70,29.46,83.31,18.70,7664.54,4.26,0
409.88,18.91,29.48,83.34,18.75,7687.16,4.27,0
409.73,19.11,29.49,83.38,18.85,7723.92,4.27,0
409.62,18.81,29.54,83.40,18.84,7717.10,4.28,0
409.59,18.76,29.55,83.42,18.82,7708.26,4.28,0
409.58,18.50,29.59,83.44,18.73,7672.87,4.29,0
409.44,18.91,29.69,83.45,18.78,7689.37,4.29,0
409.41,18.94,29.67,83.46,18.82,7706.61,4.30,0
409.29,18.91,29.69,83.47,18.85,7714.41,4.30,0
409.28,18.99,29.67,83.47,18.89,7729.66,4.31,0
408.99,19.05,29.73,83.47,18.93,7742.89,4.31,0
409.07,18.60,29.74,83.47,18.84,7707.75,4.32,0
409.05,18.56,29.78,83.47,18.77,7676.51,4.32,0
409.25,18.75,29.87,83.46,18.76,7678.37,4.33,0
409.12,18.16,29.84,83.45,18.60,7609.14,4.33,0
409.15,17.91,29.87,83.45,18.41,7534.12,4.34,0
409.28,16.91,29.97,83.44,18.01,7370.43,4.34,0
409.22,17.85,29.90,83.43,17.97,7352.29,4.35,0
409.29,17.47,29.89,83.42,17.83,7298.19,4.35,0
409.37,17.96,29.88,83.41,17.87,7313.66,4.36,0
409.28,18.23,29.86,83.40,17.97,7352.91,4.36,0
409.16,18.66,29.98,83.39,18.15,7427.87,4.37,0
409.09,18.39,30.03,83.37,18.22,7453.12,4.37,0
408.80,18.11,29.99,83.36,18.19,7436.22,4.38,0
408.79,18.54,29.96,83.35,18.28,7474.29,4.38,0
408.69,17.09,30.02,83.34,17.96,7341.16,4.39,0
408.58,16.22,29.94,83.32,17.49,7146.39,4.39,0
408.45,15.97,29.93,83.31,17.08,6976.58,4.40,0
408.54,16.37,29.96,83.29,16.89,6900.17,4.40,0
408.55,16.10,29.89,83.28,16.68,6812.86,4.41,0
408.51,16.24,29.98,83.27,16.56,6763.61,4.41,0
408.60,15.84,29.94,83.25,16.36,6685.70,4.42,0
408.53,16.10,29.98,83.24,16.29,6655.86,4.42,0
408.61,15.30,29.98,83.22,16.02,6547.93,4.43,0
408.70,14.52,29.94,83.21,15.62,6382.82,4.43,0
408.69,14.26,29.90,83.19,15.25,6233.25,4.44,0
408.69,14.45,29.99,83.18,15.04,6145.04,4.44,0
408.78,14.55,29.99,83.16,14.90,6092.52,4.45,0
408.63,14.83,29.93,83.15,14.88,6082.00,4.45,0
408.63,14.92,29.95,83.13,14.89,6086.20,4.45,0
408.76,15.46,29.85,83.12,15.05,6150.57,4.46,0
408.83,15.63,29.91,83.10,15.21,6216.40,4.46,0
408.99,15.34,29.90,83.09,15.24,6234.17,4.47,0
408.84,14.80,29.84,83.07,15.12,6182.67,4.47,0
408.90,15.53,29.87,83.06,15.23,6227.94,4.48,0
409.01,15.83,29.83,83.04,15.39,6296.46,4.48,0
408.98,16.01,29.74,83.02,15.56,6364.07,4.48,0
408.90,16.14,29.71,83.01,15.72,6426.58,4.49,0
409.04,15.86,29.69,82.99,15.76,6445.06,4.49,0
409.04,16.52,29.67,82.98,15.96,6529.36,4.50,0
409.15,16.51,29.79,82.96,16.11,6591.74,4.50,0
409.18,16.81,29.75,82.95,16.30,6669.88,4.51,0
409.26,17.11,29.75,82.93,16.52,6760.42,4.51,0
409.24,17.47,29.78,82.91,16.78,6865.29,4.51,0
409.52,17.43,29.76,82.90,16.95,6941.79,4.52,0
409.56,16.76,29.75,82.88,16.90,6920.97,4.52,0
409.65,15.79,29.74,82.87,16.60,6799.39,4.53,0
409.65,15.37,48.00,82.85,16.27,6663.09,4.53,1
409.64,15.16,47.92,82.84,15.97,6541.14,4.54,1
409.63,13.74,47.96,82.82,15.37,6294.23,4.54,1
409.50,13.52,47.92,82.81,14.87,6088.23,4.55,1
409.41,13.62,47.97,82.79,14.53,5949.02,4.55,1
409.35,13.00,48.00,82.78,14.12,5779.20,4.55,1
409.47,12.96,47.98,82.76,13.80,5652.25,4.56,1
409.47,12.73,48.00,82.74,13.51,5533.60,4.56,1
409.49,12.18,48.00,82.73,13.15,5385.99,4.57,1
409.69,11.80,47.87,82.71,12.79,5239.11,4.57,1
409.68,11.96,47.91,82.70,12.56,5147.39,4.57,1
409.77,11.19,47.93,82.68,12.19,4996.61,4.58,1
410.02,10.86,47.93,82.66,11.83,4851.69,4.58,1
410.07,10.72,47.85,82.65,11.53,4729.15,4.59,1
409.92,11.04,47.79,82.63,11.40,4673.44,4.59,1
409.97,11.65,47.77,82.61,11.47,4701.78,4.59,1
409.93,11.28,47.73,82.60,11.42,4680.60,4.60,1
409.91,11.68,47.79,82.58,11.49,4709.13,4.60,1
410.04,12.10,47.71,82.57,11.65,4778.45,4.60,1
410.05,11.53,47.76,82.55,11.62,4765.09,4.61,1
410.11,11.58,47.79,82.53,11.61,4761.61,4.61,1
410.08,11.48,47.82,82.52,11.58,4747.05,4.61,1
410.03,11.76,47.89,82.50,11.63,4767.22,4.62,1
409.85,11.72,47.87,82.48,11.65,4775.59,4.62,1
409.74,11.56,47.92,82.47,11.63,4764.12,4.62,1
409.79,11.42,47.91,82.45,11.57,4741.93,4.63,1
409.84,11.08,47.91,82.43,11.44,4687.59,4.63,1
409.80,11.88,47.94,82.42,11.56,4735.65,4.63,1
409.92,11.58,47.90,82.40,11.56,4739.47,4.64,1
409.91,11.20,47.89,82.38,11.46,4699.03,4.64,1
409.93,12.20,47.87,82.36,11.66,4781.30,4.64,1
409.90,11.41,47.88,82.35,11.59,4752.40,4.64,1
409.90,11.29,47.85,82.33,11.51,4718.89,4.65,1
410.08,11.11,47.91,82.31,11.40,4675.86,4.65,1
410.00,11.14,47.98,82.30,11.33,4645.90,4.65,1
410.01,11.02,48.01,82.28,11.25,4611.93,4.66,1
410.17,11.54,48.05,82.26,11.33,4645.90,4.66,1
409.99,11.76,48.08,82.25,11.44,4691.55,4.66,1
410.17,11.62,48.04,82.23,11.49,4713.04,4.67,1
410.08,11.70,48.05,82.21,11.55,4735.29,4.67,1
410.11,12.20,48.15,82.20,11.72,4807.99,4.67,1
410.13,12.83,48.21,82.18,12.02,4930.60,4.68,1
410.18,12.50,48.19,82.16,12.15,4984.06,4.68,1
410.13,12.18,48.08,82.15,12.16,4986.51,4.68,1
410.07,11.97,48.11,82.13,12.11,4964.88,4.69,1
410.04,12.23,48.18,82.11,12.14,4977.76,4.69,1
409.91,12.02,48.28,82.10,12.11,4962.93,4.69,1
410.09,12.11,48.34,82.08,12.11,4964.94,4.70,1
410.04,12.62,48.34,82.06,12.25,5021.42,4.70,1
409.97,13.11,48.29,82.05,12.48,5116.22,4.70,1
370.00,12.43,48.25,82.03,12.47,4612.20,4.71,1
370.08,12.73,48.24,82.01,12.54,4639.43,4.71,1
370.22,12.85,48.31,82.00,12.62,4673.00,4.71,1
370.36,12.05,48.28,81.98,12.47,4617.90,4.72,1
370.26,12.89,48.28,81.96,12.58,4658.60,4.72,1
370.48,12.27,48.27,81.95,12.50,4629.97,4.72,1
370.39,12.42,48.17,81.93,12.48,4621.24,4.73,1
370.30,12.45,48.06,81.91,12.47,4617.96,4.73,1
370.41,11.55,48.13,81.90,12.22,4527.08,4.73,1
370.43,12.61,48.13,81.88,12.33,4565.94,4.74,1
370.58,12.79,48.15,81.86,12.45,4614.63,4.74,1
370.68,12.93,48.12,81.85,12.58,4663.81,4.74,1
370.53,12.54,48.15,81.83,12.57,4658.03,4.75,1
370.51,12.72,48.10,81.81,12.61,4672.71,4.75,1
370.54,12.81,48.03,81.80,12.67,4693.17,4.76,1
370.50,13.06,47.91,81.78,12.77,4732.38,4.76,1
370.40,13.36,47.87,81.76,12.93,4789.72,4.76,1
370.44,12.72,47.92,81.75,12.87,4768.80,4.77,1
370.25,12.90,47.89,81.73,12.88,4769.18,4.77,1
370.30,12.09,47.88,81.72,12.67,4690.31,4.77,1
370.33,11.99,47.89,81.70,12.48,4623.42,4.78,1
370.34,11.91,47.94,81.68,12.33,4566.42,4.78,1
370.31,12.16,47.95,81.67,12.28,4548.74,4.78,1
370.27,11.75,47.91,81.65,12.14,4495.05,4.79,1
370.29,11.15,47.90,81.63,11.87,4395.74,4.79,1
370.29,11.03,47.90,81.62,11.64,4311.73,4.79,1
370.17,10.94,47.96,81.60,11.45,4239.98,4.80,1
370.11,10.04,47.98,81.58,11.07,4097.35,4.80,1
370.08,9.90,48.05,81.57,10.75,3979.85,4.80,1
370.10,9.92,48.03,81.55,10.53,3897.02,4.81,1
370.11,9.44,48.08,81.53,10.23,3787.85,4.81,1
370.21,9.16,47.97,81.52,9.95,3681.77,4.81,1
370.15,8.81,48.04,81.50,9.64,3568.08,4.82,1
370.23,9.03,48.14,81.48,9.47,3507.55,4.82,1
370.34,9.34,48.08,81.46,9.44,3494.99,4.82,1
370.36,8.58,48.06,81.45,9.21,3409.72,4.82,1
370.29,8.90,47.99,81.43,9.12,3378.73,4.83,1
370.35,8.59,47.96,81.41,8.98,3325.50,4.83,1
370.54,8.24,48.00,81.40,8.78,3253.36,4.83,1
370.59,7.74,47.99,81.38,8.50,3149.61,4.83,1
370.71,7.78,47.96,81.36,8.31,3078.92,4.84,1
371.02,7.79,47.97,81.34,8.17,3029.68,4.84,1
370.94,7.03,48.01,81.33,7.86,2915.31,4.84,1
370.78,8.14,47.86,81.31,7.94,2942.50,4.84,1
370.74,9.18,47.90,81.29,8.27,3066.42,4.85,1
370.55,9.04,47.83,81.27,8.48,3141.48,4.85,1
370.58,9.70,47.76,81.26,8.81,3264.61,4.85,1
370.58,10.25,47.78,81.24,9.20,3408.84,4.85,1
370.76,10.64,47.81,81.22,9.59,3555.31,4.86,1
370.72,9.69,47.74,81.20,9.62,3565.50,4.86,1
370.69,10.34,47.75,73.12,9.81,3637.73,4.86,1
370.63,10.87,47.76,66.10,10.10,3742.82,4.86,1
370.58,11.09,47.73,60.01,10.37,3841.65,4.87,1
370.51,11.57,47.77,54.71,10.69,3961.21,4.87,1
370.40,10.97,47.74,50.11,10.77,3987.89,4.87,1
370.64,10.89,47.73,46.11,10.80,4002.97,4.88,1
370.75,11.40,47.76,42.64,10.96,4064.01,4.88,1
370.86,11.67,47.71,39.63,11.15,4135.84,4.88,1
370.98,11.72,47.66,37.01,11.30,4193.76,4.88,1
371.01,11.18,47.68,34.73,11.27,4182.08,4.89,1
410.00,11.56,30.00,41.34,11.35,4653.57,4.89,0
410.00,11.08,29.99,47.08,11.28,4623.27,4.89,0
409.93,11.44,29.92,52.06,11.32,4640.88,4.90,0
410.01,11.02,29.91,56.38,11.24,4608.88,4.90,0
409.98,11.01,29.92,60.13,11.18,4582.49,4.90,0
410.09,11.19,30.01,63.38,11.18,4585.28,4.91,0
410.09,10.54,30.10,66.20,11.01,4514.29,4.91,0
410.29,11.16,30.08,68.65,11.05,4532.79,4.91,0
410.24,11.75,30.12,70.78,11.24,4610.03,4.91,0
410.32,11.15,30.14,72.62,11.21,4601.46,4.92,0
410.46,10.87,30.16,74.21,11.12,4564.45,4.92,0
410.40,11.59,30.19,75.60,11.25,4615.81,4.92,0
410.45,11.26,30.17,76.80,11.25,4617.35,4.93,0
410.56,11.59,30.16,77.84,11.34,4656.15,4.93,0
410.69,11.77,30.13,78.74,11.46,4705.18,4.93,0
410.74,12.64,30.17,79.52,11.78,4836.56,4.94,0
410.73,12.71,30.12,80.19,12.03,4940.19,4.94,0
410.62,11.98,30.13,80.77,12.01,4933.54,4.94,0
410.74,11.26,30.11,81.28,11.81,4851.75,4.95,0
410.60,10.33,30.11,81.71,11.41,4685.60,4.95,0
410.44,10.51,30.13,82.09,11.17,4583.67,4.95,0
410.34,10.60,30.18,82.41,11.01,4519.32,4.96,0
410.46,11.06,30.22,82.69,11.03,4526.27,4.96,0
410.65,11.02,30.20,82.93,11.03,4527.89,4.96,0
410.68,11.10,30.22,83.14,11.05,4536.93,4.96,0
410.82,10.90,30.24,83.32,11.01,4522.40,4.97,0
410.79,10.35,30.30,83.47,10.83,4449.33,4.97,0
410.78,10.76,30.28,83.60,10.81,4441.17,4.97,0
410.93,10.97,30.17,83.71,10.85,4460.42,4.98,0
410.80,11.39,30.21,83.80,11.00,4518.82,4.98,0
410.77,11.60,30.27,83.88,11.16,4584.72,4.98,0
410.70,11.26,30.24,83.94,11.19,4594.80,4.99,0
410.77,11.06,30.29,84.00,11.15,4581.88,4.99,0
410.79,11.33,30.35,84.04,11.20,4601.10,4.99,0
410.72,10.64,30.28,84.08,11.05,4538.08,5.00,0
410.69,10.85,30.26,84.11,11.00,4515.62,5.00,0
410.72,10.79,30.32,84.14,10.94,4492.88,5.00,0
410.61,10.88,30.36,84.15,10.92,4485.61,5.00,0
410.69,9.92,30.37,84.17,10.65,4375.11,5.01,0
410.74,9.63,30.36,84.18,10.38,4262.11,5.01,0
410.74,9.14,30.32,84.18,10.04,4124.80,5.01,0
410.79,8.46,30.34,84.19,9.61,3949.34,5.02,0
410.93,8.45,30.30,84.19,9.30,3821.92,5.02,0
410.97,8.34,30.36,84.19,9.04,3715.31,5.02,0
410.98,8.73,30.37,84.18,8.96,3680.81,5.03,0
411.06,8.61,30.31,84.18,8.86,3643.41,5.03,0
410.99,9.19,30.39,84.17,8.95,3678.75,5.03,0
411.13,8.60,30.49,84.16,8.86,3640.64,5.03,0
411.15,8.77,30.55,84.15,8.83,3631.81,5.04,0
411.17,9.05,30.53,84.14,8.89,3656.30,5.04,0
411.20,9.49,30.56,84.13,9.05,3722.67,5.04,0
411.30,9.25,30.57,84.12,9.11,3744.96,5.04,0
411.12,9.14,30.54,84.10,9.12,3747.66,5.05,0
411.24,8.91,30.55,84.09,9.06,3726.26,5.05,0
411.38,9.43,30.51,84.07,9.16,3769.11,5.05,0
411.30,10.26,30.59,84.06,9.46,3890.06,5.05,0
411.33,10.34,30.50,84.05,9.69,3987.87,5.06,0
411.27,10.54,30.50,84.03,9.92,4080.89,5.06,0
411.32,10.37,30.58,84.01,10.04,4131.23,5.06,0
411.42,10.95,30.57,84.00,10.29,4233.15,5.06,0
411.38,10.22,30.56,83.98,10.27,4224.86,5.07,0
411.38,9.12,30.59,83.97,9.96,4096.79,5.07,0
411.30,8.70,30.63,83.95,9.62,3956.70,5.07,0
411.21,8.97,30.63,83.93,9.44,3883.11,5.07,0
411.27,8.34,30.63,83.92,9.14,3760.63,5.08,0
411.07,8.65,30.67,83.90,9.01,3703.63,5.08,0
411.00,8.93,30.65,83.88,8.99,3693.87,5.08,0
410.97,8.71,30.65,83.87,8.91,3662.33,5.09,0
410.86,8.01,30.69,83.85,8.67,3560.94,5.09,0
410.86,7.91,30.70,83.83,8.46,3476.63,5.09,0
410.90,7.58,30.63,83.82,8.22,3378.96,5.09,0
410.93,6.30,30.71,83.80,7.70,3165.97,5.10,0
410.92,6.26,30.74,83.78,7.31,3005.08,5.10,0
410.83,6.67,30.79,83.76,7.14,2932.82,5.10,0
410.67,5.77,30.75,83.75,6.77,2780.15,5.10,0
410.68,6.15,30.70,83.73,6.60,2711.31,5.10,0
410.52,5.69,30.70,83.71,6.36,2609.06,5.11,0
410.54,5.59,30.70,83.69,6.15,2523.90,5.11,0
410.59,5.85,30.70,83.68,6.07,2491.25,5.11,0
410.65,6.06,30.75,83.66,6.07,2491.28,5.11,0
410.73,6.49,30.69,83.64,6.18,2539.16,5.11,0
410.66,6.43,30.67,83.62,6.25,2566.60,5.12,0
410.84,6.12,30.60,83.60,6.22,2553.53,5.12,0
410.93,5.64,30.69,83.59,6.06,2490.53,5.12,0
410.88,4.80,30.74,83.57,5.72,2350.01,5.12,0
411.01,4.91,30.66,83.55,5.50,2260.67,5.12,0
411.00,4.46,30.58,83.53,5.22,2144.84,5.12,0
411.18,4.76,30.54,83.51,5.09,2094.92,5.13,0
411.19,5.64,30.45,83.49,5.24,2155.20,5.13,0
411.33,5.62,30.43,83.48,5.34,2198.02,5.13,0
411.41,6.01,48.00,83.46,5.52,2272.74,5.13,1
411.50,7.30,47.98,83.44,6.00,2470.31,5.13,1
411.34,6.97,47.99,83.42,6.27,2577.33,5.13,1
411.30,7.05,48.04,83.40,6.48,2664.46,5.14,1
411.15,6.83,48.04,83.38,6.57,2702.30,5.14,1
411.10,6.51,48.05,83.37,6.55,2694.65,5.14,1
411.00,5.85,48.11,83.35,6.36,2615.28,5.14,1
410.88,5.39,48.12,83.33,6.10,2506.03,5.14,1
410.99,5.31,48.14,83.31,5.89,2419.04,5.14,1
411.09,5.34,48.12,83.29,5.74,2359.13,5.15,1
411.11,5.13,48.13,83.27,5.57,2291.86,5.15,1
410.91,5.15,48.11,83.26,5.46,2243.57,5.15,1
410.81,5.61,48.18,83.24,5.50,2260.12,5.15,1
410.85,5.13,48.18,83.22,5.40,2219.38,5.15,1
410.88,4.83,48.20,83.20,5.25,2155.67,5.15,1
410.88,5.32,48.23,83.18,5.27,2163.66,5.16,1
411.05,5.29,48.18,83.16,5.27,2167.61,5.16,1
410.88,4.37,48.17,83.15,5.03,2065.94,5.16,1
411.11,4.77,48.20,83.13,4.96,2037.86,5.16,1
411.07,4.85,48.22,83.11,4.93,2025.65,5.16,1
411.13,4.76,48.15,83.09,4.88,2007.04,5.16,1
410.99,4.90,48.10,83.07,4.89,2008.46,5.16,1
411.08,5.41,48.11,83.05,5.03,2067.42,5.17,1
411.09,5.55,48.18,83.03,5.17,2124.76,5.17,1
411.06,5.83,48.20,83.02,5.35,2198.50,5.17,1
411.25,5.82,48.19,83.00,5.48,2251.61,5.17,1
411.21,5.42,48.20,82.98,5.46,2245.34,5.17,1
411.26,4.90,48.23,82.96,5.31,2183.59,5.17,1
411.13,4.46,48.21,82.94,5.08,2088.65,5.17,1
411.06,4.29,48.28,82.92,4.87,2000.02,5.18,1
411.09,3.86,48.26,82.90,4.59,1888.72,5.18,1
411.25,3.65,48.32,82.89,4.34,1784.75,5.18,1
411.30,3.48,48.27,82.87,4.11,1688.92,5.18,1
411.37,4.04,48.18,82.85,4.09,1681.78,5.18,1
411.41,3.77,48.19,82.83,4.00,1646.90,5.18,1
411.52,3.32,48.21,82.81,3.82,1571.42,5.18,1
411.42,2.80,48.21,82.79,3.54,1457.85,5.18,1
411.38,2.62,48.21,82.77,3.30,1355.51,5.19,1
411.35,2.49,48.16,82.76,3.08,1265.87,5.19,1
411.54,2.39,48.12,82.74,2.89,1190.35,5.19,1
411.47,2.25,48.12,82.72,2.72,1118.32,5.19,1
411.46,1.67,48.13,82.70,2.43,1001.59,5.19,1
411.38,1.77,48.17,82.68,2.26,928.05,5.19,1
411.26,1.67,48.15,82.66,2.10,862.68,5.19,1
411.10,1.51,48.15,82.64,1.94,796.79,5.19,1
411.09,1.66,48.21,82.62,1.86,765.72,5.19,1
411.06,2.27,48.17,82.60,1.97,810.55,5.19,1
411.01,2.33,48.09,82.58,2.07,850.04,5.19,1
411.06,2.14,48.02,82.56,2.09,857.89,5.19,1
410.98,2.06,47.96,82.54,2.08,854.43,5.20,1
370.00,2.13,47.85,82.53,2.09,774.73,5.20,1
370.00,2.51,47.87,82.51,2.21,816.80,5.20,1
370.00,2.85,47.82,82.49,2.38,880.84,5.20,1
369.93,4.03,47.75,82.47,2.83,1045.84,5.20,1
369.86,3.51,47.73,82.45,3.01,1113.69,5.20,1
369.84,3.41,47.74,82.43,3.12,1153.07,5.20,1
369.83,3.43,47.77,82.41,3.20,1184.32,5.20,1
369.88,3.09,47.77,82.39,3.17,1172.81,5.20,1
370.09,3.75,47.78,82.37,3.33,1231.59,5.20,1
370.13,3.30,47.74,82.35,3.32,1229.37,5.20,1
370.19,2.50,47.75,82.33,3.10,1147.88,5.20,1
370.06,1.93,47.79,82.31,2.78,1030.58,5.20,1
370.14,1.15,47.80,82.29,2.34,867.27,5.20,1
370.09,1.13,47.82,82.28,2.01,745.48,5.21,1
370.21,1.22,47.91,82.26,1.80,665.96,5.21,1
370.26,1.07,47.88,82.24,1.60,593.56,5.21,1
370.35,0.21,47.96,82.22,1.23,454.55,5.21,1
370.37,0.47,48.01,82.20,1.02,378.51,5.21,1
370.21,0.74,47.95,82.18,0.95,350.39,5.21,1
370.22,0.41,47.94,82.16,0.80,296.43,5.21,1
370.15,0.52,47.93,82.14,0.72,268.30,5.21,1
370.15,1.30,47.98,82.12,0.88,325.97,5.21,1
370.25,1.10,48.02,82.10,0.94,348.42,5.21,1
370.03,0.64,47.99,82.08,0.86,317.75,5.21,1
369.96,0.91,48.10,82.06,0.87,322.81,5.21,1
369.85,0.94,48.06,82.04,0.89,329.04,5.21,1
369.74,0.73,48.12,82.02,0.85,312.73,5.21,1
369.78,0.14,48.10,82.00,0.66,242.43,5.21,1
369.87,0.34,48.11,81.98,0.57,210.47,5.21,1
369.96,-0.20,48.15,81.96,0.36,0.00,5.21,1
369.65,0.33,48.11,81.94,0.35,130.11,5.21,1
369.62,-0.14,48.06,81.92,0.22,0.00,5.21,1
369.65,-0.46,48.00,81.90,0.04,0.00,5.21,1
369.76,-0.93,47.93,81.88,-0.23,0.00,5.21,1
369.83,-0.74,47.93,81.86,-0.36,0.00,5.21,1
369.90,-1.00,47.85,81.84,-0.54,0.00,5.21,1
369.67,-0.77,47.81,81.82,-0.60,0.00,5.21,1
369.66,-0.74,47.83,81.80,-0.64,0.00,5.21,1
369.54,-1.22,47.79,81.78,-0.79,0.00,5.21,1
369.72,-1.99,47.81,81.76,-1.12,0.00,5.21,1
369.79,-0.86,47.80,81.74,-1.05,0.00,5.21,1
369.86,-0.55,47.72,81.72,-0.91,0.00,5.21,1
369.88,-1.08,47.72,81.70,-0.96,0.00,5.21,1
370.04,-0.87,47.63,81.68,-0.93,0.00,5.21,1
370.11,-0.10,47.64,81.66,-0.71,0.00,5.21,1
369.97,0.70,47.67,81.64,-0.33,0.00,5.21,1
369.91,-0.26,47.67,81.62,-0.31,0.00,5.21,1
370.05,0.59,47.74,81.60,-0.07,0.00,5.21,1
369.99,0.66,47.77,81.58,0.13,47.96,5.21,1
370.01,0.93,47.84,81.56,0.35,128.22,5.21,1
370.11,1.60,47.86,73.48,0.69,253.61,5.21,1
370.25,1.35,47.87,66.46,0.86,320.03,5.21,1
370.20,0.82,47.86,60.36,0.85,315.88,5.21,1
370.06,1.39,47.81,55.06,1.00,369.24,5.21,1
370.01,1.24,47.69,50.46,1.06,393.01,5.21,1
370.19,1.21,47.75,46.46,1.10,407.52,5.21,1
370.18,0.55,47.71,42.98,0.95,352.41,5.21,1
370.19,1.00,47.69,39.96,0.97,357.41,5.21,1
370.24,1.32,47.71,37.34,1.06,392.99,5.21,1
370.37,2.10,47.62,35.06,1.34,497.15,5.21,1
410.00,2.30,30.00,41.67,1.60,655.91,5.21,0
410.10,2.10,30.01,47.40,1.74,711.65,5.21,0
410.12,2.55,30.04,52.38,1.96,801.99,5.21,0
410.13,2.17,30.01,56.70,2.01,826.24,5.21,0
410.11,1.87,29.96,60.45,1.98,810.61,5.21,0
410.29,1.84,29.89,63.70,1.94,795.86,5.21,0
410.14,1.35,29.98,66.52,1.78,730.15,5.21,0
409.99,1.76,30.03,68.96,1.77,727.31,5.22,0
410.10,1.87,30.04,71.08,1.80,738.60,5.22,0
410.09,2.07,30.07,72.92,1.87,768.41,5.22,0
410.05,2.46,30.07,74.52,2.03,833.26,5.22,0
410.09,2.88,29.97,75.90,2.26,927.21,5.22,0
409.87,3.54,29.99,77.09,2.61,1068.11,5.22,0
409.93,3.82,30.07,78.13,2.93,1202.62,5.22,0
409.99,4.71,30.12,79.03,3.41,1399.69,5.22,0
409.89,3.92,30.17,79.81,3.55,1455.00,5.22,0
409.88,4.18,30.24,80.48,3.72,1524.66,5.22,0
409.82,3.77,30.28,81.06,3.73,1530.08,5.22,0
409.78,3.95,30.37,81.56,3.79,1553.91,5.22,0
409.78,3.05,30.37,81.99,3.59,1471.90,5.22,0
409.88,3.15,30.39,82.37,3.47,1422.98,5.22,0
409.67,2.80,30.38,82.69,3.29,1348.21,5.23,0
409.64,3.26,30.35,82.97,3.28,1344.62,5.23,0
409.39,3.64,30.40,83.20,3.38,1383.26,5.23,0
409.39,3.85,30.39,83.41,3.51,1435.22,5.23,0
409.53,2.43,30.36,83.58,3.21,1316.36,5.23,0
409.60,2.39,30.30,83.73,2.99,1225.74,5.23,0
409.55,2.22,30.28,83.86,2.78,1139.63,5.23,0
409.52,2.27,30.37,83.97,2.64,1083.12,5.23,0
409.53,2.04,30.33,84.06,2.48,1016.53,5.23,0
409.34,1.92,30.29,84.13,2.33,954.11,5.23,0
409.30,1.52,30.28,84.20,2.11,864.55,5.23,0
409.47,1.83,30.22,84.25,2.04,833.38,5.23,0
409.57,1.66,30.29,84.29,1.93,791.91,5.24,0
409.49,1.93,30.25,84.33,1.93,791.67,5.24,0
409.61,1.72,30.30,84.36,1.87,767.85,5.24,0
409.72,1.34,30.33,84.38,1.73,709.38,5.24,0
409.72,1.88,30.33,84.39,1.77,725.67,5.24,0
409.71,2.62,30.37,84.40,2.00,819.22,5.24,0
409.87,2.66,30.38,84.41,2.18,892.48,5.24,0
